web-scraper-order,web-scraper-start-url,getcomments
"1618405986-348","https://www.instagram.com/p/CNoSB5ZDGfI/","6 & 7!"
"1618405986-220","https://www.instagram.com/p/CNoSB5ZDGfI/","6 & 8"
"1618405986-34","https://www.instagram.com/p/CNoSB5ZDGfI/","8"
"1618405986-242","https://www.instagram.com/p/CNoSB5ZDGfI/","6"
"1618405986-330","https://www.instagram.com/p/CNoSB5ZDGfI/","5 and 8 🔥"
"1618405986-354","https://www.instagram.com/p/CNoSB5ZDGfI/","7"
"1618405986-262","https://www.instagram.com/p/CNoSB5ZDGfI/","5"
"1618405986-186","https://www.instagram.com/p/CNoSB5ZDGfI/","7 and 8"
"1618405986-88","https://www.instagram.com/p/CNoSB5ZDGfI/","8!"
"1618405986-320","https://www.instagram.com/p/CNoSB5ZDGfI/","5 + 8"
"1618405986-17","https://www.instagram.com/p/CNoSB5ZDGfI/","7/9"
"1618405986-236","https://www.instagram.com/p/CNoSB5ZDGfI/","4 & 6"
"1618405986-103","https://www.instagram.com/p/CNoSB5ZDGfI/","5&6"
"1618405986-30","https://www.instagram.com/p/CNoSB5ZDGfI/","6!!"
"1618405986-311","https://www.instagram.com/p/CNoSB5ZDGfI/","5 & 6"
"1618405986-177","https://www.instagram.com/p/CNoSB5ZDGfI/","8"
"1618405986-315","https://www.instagram.com/p/CNoSB5ZDGfI/","8"
"1618405986-180","https://www.instagram.com/p/CNoSB5ZDGfI/","7 👏👏👏"
"1618405986-53","https://www.instagram.com/p/CNoSB5ZDGfI/","8!"
"1618405986-298","https://www.instagram.com/p/CNoSB5ZDGfI/","2 & 8"
"1618405986-119","https://www.instagram.com/p/CNoSB5ZDGfI/","3&9"
"1618405986-164","https://www.instagram.com/p/CNoSB5ZDGfI/","6 🙌"
"1618405986-172","https://www.instagram.com/p/CNoSB5ZDGfI/","1"
"1618405986-244","https://www.instagram.com/p/CNoSB5ZDGfI/","5"
"1618405986-41","https://www.instagram.com/p/CNoSB5ZDGfI/","8"
"1618405986-67","https://www.instagram.com/p/CNoSB5ZDGfI/","1 and 5"
"1618405986-75","https://www.instagram.com/p/CNoSB5ZDGfI/","4 and 8"
"1618405986-223","https://www.instagram.com/p/CNoSB5ZDGfI/","5 & 7"
"1618405986-342","https://www.instagram.com/p/CNoSB5ZDGfI/","6"
"1618405986-217","https://www.instagram.com/p/CNoSB5ZDGfI/","6$7"
"1618405986-59","https://www.instagram.com/p/CNoSB5ZDGfI/","5 and 8"
"1618405986-155","https://www.instagram.com/p/CNoSB5ZDGfI/","8"
"1618405986-264","https://www.instagram.com/p/CNoSB5ZDGfI/","6"
"1618405986-306","https://www.instagram.com/p/CNoSB5ZDGfI/","7!"
"1618405986-154","https://www.instagram.com/p/CNoSB5ZDGfI/","7 with 🍎"
"1618405986-140","https://www.instagram.com/p/CNoSB5ZDGfI/","6 & 8"
"1618405986-65","https://www.instagram.com/p/CNoSB5ZDGfI/","7 and 8"
"1618405986-233","https://www.instagram.com/p/CNoSB5ZDGfI/","6 & 8"
"1618405986-49","https://www.instagram.com/p/CNoSB5ZDGfI/","6 &8"
"1618405986-258","https://www.instagram.com/p/CNoSB5ZDGfI/","5 and 8 🔥"
"1618405986-190","https://www.instagram.com/p/CNoSB5ZDGfI/","7 & 8"
"1618405986-188","https://www.instagram.com/p/CNoSB5ZDGfI/","8!"
"1618405986-289","https://www.instagram.com/p/CNoSB5ZDGfI/","4/5"
"1618405986-43","https://www.instagram.com/p/CNoSB5ZDGfI/","8"
"1618405986-150","https://www.instagram.com/p/CNoSB5ZDGfI/","6"
"1618405986-322","https://www.instagram.com/p/CNoSB5ZDGfI/","7 and 8"
"1618405986-149","https://www.instagram.com/p/CNoSB5ZDGfI/","2 & 5"
"1618405986-344","https://www.instagram.com/p/CNoSB5ZDGfI/","6"
"1618405986-229","https://www.instagram.com/p/CNoSB5ZDGfI/","1 / 6 / 8"
"1618405986-66","https://www.instagram.com/p/CNoSB5ZDGfI/","5 & 7"
"1618405986-64","https://www.instagram.com/p/CNoSB5ZDGfI/","4 & 6"
"1618405986-141","https://www.instagram.com/p/CNoSB5ZDGfI/","8 and 2"
"1618405986-327","https://www.instagram.com/p/CNoSB5ZDGfI/","#8"
"1618405986-131","https://www.instagram.com/p/CNoSB5ZDGfI/","5/6 the hands and the skyline!"
"1618405986-243","https://www.instagram.com/p/CNoSB5ZDGfI/","8"
"1618405986-151","https://www.instagram.com/p/CNoSB5ZDGfI/","7,8"
"1618405986-181","https://www.instagram.com/p/CNoSB5ZDGfI/","5 and 8"
"1618405986-13","https://www.instagram.com/p/CNoSB5ZDGfI/","PS: ‼️ MAKE SURE YOU ARE NOT COUNTING THE FIRST IMAGE (WITH THE GROUP NUMBER AS PIC 1. THE COUNTING BEGINS FROM THE FIRST LOGO IMAGE 😁 )"
"1618405986-68","https://www.instagram.com/p/CNoSB5ZDGfI/","4 and 8"
"1618405986-92","https://www.instagram.com/p/CNoSB5ZDGfI/","1 & 8"
"1618405986-124","https://www.instagram.com/p/CNoSB5ZDGfI/","5+ 8"
"1618405986-261","https://www.instagram.com/p/CNoSB5ZDGfI/","5 and 7"
"1618405986-252","https://www.instagram.com/p/CNoSB5ZDGfI/","5,6,7 but they're all great! 👏👏👏"
"1618405986-346","https://www.instagram.com/p/CNoSB5ZDGfI/","6 & 8!"
"1618405986-309","https://www.instagram.com/p/CNoSB5ZDGfI/","6"
"1618405986-297","https://www.instagram.com/p/CNoSB5ZDGfI/","5"
"1618405986-287","https://www.instagram.com/p/CNoSB5ZDGfI/","5&8"
"1618405986-89","https://www.instagram.com/p/CNoSB5ZDGfI/","8 and 5"
"1618405986-207","https://www.instagram.com/p/CNoSB5ZDGfI/","1 and 5"
"1618405986-203","https://www.instagram.com/p/CNoSB5ZDGfI/","6"
"1618405986-205","https://www.instagram.com/p/CNoSB5ZDGfI/","5 and 7"
"1618405986-157","https://www.instagram.com/p/CNoSB5ZDGfI/","7&8"
"1618405986-174","https://www.instagram.com/p/CNoSB5ZDGfI/","6!!"
"1618405986-78","https://www.instagram.com/p/CNoSB5ZDGfI/","5 & 8"
"1618405986-168","https://www.instagram.com/p/CNoSB5ZDGfI/","8"
"1618405986-200","https://www.instagram.com/p/CNoSB5ZDGfI/","7 and 4"
"1618405986-343","https://www.instagram.com/p/CNoSB5ZDGfI/","7"
"1618405986-122","https://www.instagram.com/p/CNoSB5ZDGfI/","5&8"
"1618405986-87","https://www.instagram.com/p/CNoSB5ZDGfI/","5 & 8"
"1618405986-240","https://www.instagram.com/p/CNoSB5ZDGfI/","8 & 2"
"1618405986-178","https://www.instagram.com/p/CNoSB5ZDGfI/","6!!!"
"1618405986-80","https://www.instagram.com/p/CNoSB5ZDGfI/","5 and 7"
"1618405986-300","https://www.instagram.com/p/CNoSB5ZDGfI/","6 & 8"
"1618405986-235","https://www.instagram.com/p/CNoSB5ZDGfI/","5&8"
"1618405986-126","https://www.instagram.com/p/CNoSB5ZDGfI/","5"
"1618405986-197","https://www.instagram.com/p/CNoSB5ZDGfI/","5&6"
"1618405986-127","https://www.instagram.com/p/CNoSB5ZDGfI/","1 and 8"
"1618405986-237","https://www.instagram.com/p/CNoSB5ZDGfI/","4&8"
"1618405986-326","https://www.instagram.com/p/CNoSB5ZDGfI/","6!"
"1618405986-215","https://www.instagram.com/p/CNoSB5ZDGfI/","8"
"1618405986-109","https://www.instagram.com/p/CNoSB5ZDGfI/","5&6"
"1618405986-79","https://www.instagram.com/p/CNoSB5ZDGfI/","6, 8"
"1618405986-213","https://www.instagram.com/p/CNoSB5ZDGfI/","6"
"1618405986-116","https://www.instagram.com/p/CNoSB5ZDGfI/","1+6"
"1618405986-206","https://www.instagram.com/p/CNoSB5ZDGfI/","8"
"1618405986-25","https://www.instagram.com/p/CNoSB5ZDGfI/","6!!"
"1618405986-38","https://www.instagram.com/p/CNoSB5ZDGfI/","8"
"1618405986-176","https://www.instagram.com/p/CNoSB5ZDGfI/","5,6"
"1618405986-266","https://www.instagram.com/p/CNoSB5ZDGfI/","4+8"
"1618405986-321","https://www.instagram.com/p/CNoSB5ZDGfI/","1 & 6"
"1618405986-105","https://www.instagram.com/p/CNoSB5ZDGfI/","5"
"1618405986-241","https://www.instagram.com/p/CNoSB5ZDGfI/","4 & 8"
"1618405986-328","https://www.instagram.com/p/CNoSB5ZDGfI/","1 & 8"
"1618405986-317","https://www.instagram.com/p/CNoSB5ZDGfI/","8"
"1618405986-32","https://www.instagram.com/p/CNoSB5ZDGfI/","2 and 8"
"1618405986-159","https://www.instagram.com/p/CNoSB5ZDGfI/","2 & 8!"
"1618405986-72","https://www.instagram.com/p/CNoSB5ZDGfI/","2 & 6"
"1618405986-31","https://www.instagram.com/p/CNoSB5ZDGfI/","8!"
"1618405986-312","https://www.instagram.com/p/CNoSB5ZDGfI/","6"
"1618405986-232","https://www.instagram.com/p/CNoSB5ZDGfI/","2 and 5"
"1618405986-195","https://www.instagram.com/p/CNoSB5ZDGfI/","5 and 8"
"1618405986-310","https://www.instagram.com/p/CNoSB5ZDGfI/","1 and 6"
"1618405986-292","https://www.instagram.com/p/CNoSB5ZDGfI/","8"
"1618405986-323","https://www.instagram.com/p/CNoSB5ZDGfI/","Designer for #4 here... Strong work everybody!!! 🙌💪🔥"
"1618405986-158","https://www.instagram.com/p/CNoSB5ZDGfI/","5 and 6 :)"
"1618405986-19","https://www.instagram.com/p/CNoSB5ZDGfI/","Designer for 8 here! So many of these look great thank for the opportunity 🙌"
"1618405986-202","https://www.instagram.com/p/CNoSB5ZDGfI/","2 & 5"
"1618405986-288","https://www.instagram.com/p/CNoSB5ZDGfI/","5 & 8"
"1618405986-290","https://www.instagram.com/p/CNoSB5ZDGfI/","2 and 5"
"1618405986-352","https://www.instagram.com/p/CNoSB5ZDGfI/","2 & 5!"
"1618405986-163","https://www.instagram.com/p/CNoSB5ZDGfI/","6 & 7"
"1618405986-111","https://www.instagram.com/p/CNoSB5ZDGfI/","5&6"
"1618405986-144","https://www.instagram.com/p/CNoSB5ZDGfI/","6,8"
"1618405986-63","https://www.instagram.com/p/CNoSB5ZDGfI/","1 and 4"
"1618405986-20","https://www.instagram.com/p/CNoSB5ZDGfI/","Designer for 5 here! Thanks for this opportunity and great designs by everyone 🙌❤️"
"1618405986-339","https://www.instagram.com/p/CNoSB5ZDGfI/","5 & 6"
"1618405986-268","https://www.instagram.com/p/CNoSB5ZDGfI/","5 and 6"
"1618405986-107","https://www.instagram.com/p/CNoSB5ZDGfI/","8"
"1618405986-100","https://www.instagram.com/p/CNoSB5ZDGfI/","8"
"1618405986-23","https://www.instagram.com/p/CNoSB5ZDGfI/","2 and 8!"
"1618405986-275","https://www.instagram.com/p/CNoSB5ZDGfI/","4,8"
"1618405986-193","https://www.instagram.com/p/CNoSB5ZDGfI/","1"
"1618405986-165","https://www.instagram.com/p/CNoSB5ZDGfI/","❤️❤️❤️❤️❤️ n 1 n 6"
"1618405986-139","https://www.instagram.com/p/CNoSB5ZDGfI/","5, 6, and 8!"
"1618405986-353","https://www.instagram.com/p/CNoSB5ZDGfI/","6 & 7"
"1618405986-36","https://www.instagram.com/p/CNoSB5ZDGfI/","8"
"1618405986-57","https://www.instagram.com/p/CNoSB5ZDGfI/","5 & 8"
"1618405986-253","https://www.instagram.com/p/CNoSB5ZDGfI/","5 and 8"
"1618405986-51","https://www.instagram.com/p/CNoSB5ZDGfI/","6 & 8"
"1618405986-81","https://www.instagram.com/p/CNoSB5ZDGfI/","5 / 8!"
"1618405986-14","https://www.instagram.com/p/CNoSB5ZDGfI/","4 & 8"
"1618405986-147","https://www.instagram.com/p/CNoSB5ZDGfI/","8 & 6"
"1618405986-350","https://www.instagram.com/p/CNoSB5ZDGfI/","6!"
"1618405986-302","https://www.instagram.com/p/CNoSB5ZDGfI/","6!! 👏🏼 everyone did a great job, but number 6  really stands out."
"1618405986-123","https://www.instagram.com/p/CNoSB5ZDGfI/","6 & 8"
"1618405986-86","https://www.instagram.com/p/CNoSB5ZDGfI/","8 & 6"
"1618405986-247","https://www.instagram.com/p/CNoSB5ZDGfI/","4!"
"1618405986-171","https://www.instagram.com/p/CNoSB5ZDGfI/","8!!"
"1618405986-37","https://www.instagram.com/p/CNoSB5ZDGfI/","8"
"1618405986-117","https://www.instagram.com/p/CNoSB5ZDGfI/","5 and 8!"
"1618405986-184","https://www.instagram.com/p/CNoSB5ZDGfI/","6!"
"1618405986-280","https://www.instagram.com/p/CNoSB5ZDGfI/","8 & 9"
"1618405986-58","https://www.instagram.com/p/CNoSB5ZDGfI/","4 & 8"
"1618405986-55","https://www.instagram.com/p/CNoSB5ZDGfI/","5 and 6"
"1618405986-319","https://www.instagram.com/p/CNoSB5ZDGfI/","8"
"1618405986-47","https://www.instagram.com/p/CNoSB5ZDGfI/","6 and 8"
"1618405986-69","https://www.instagram.com/p/CNoSB5ZDGfI/","6 and 8"
"1618405986-33","https://www.instagram.com/p/CNoSB5ZDGfI/","6!!"
"1618405986-44","https://www.instagram.com/p/CNoSB5ZDGfI/","2,5"
"1618405986-250","https://www.instagram.com/p/CNoSB5ZDGfI/","7 & 7"
"1618405986-76","https://www.instagram.com/p/CNoSB5ZDGfI/","5 & 6"
"1618405986-204","https://www.instagram.com/p/CNoSB5ZDGfI/","7"
"1618405986-61","https://www.instagram.com/p/CNoSB5ZDGfI/","6 & 8"
"1618405986-192","https://www.instagram.com/p/CNoSB5ZDGfI/","5 & 6"
"1618405986-295","https://www.instagram.com/p/CNoSB5ZDGfI/","6, 7"
"1618405986-221","https://www.instagram.com/p/CNoSB5ZDGfI/","5 and 6"
"1618405986-351","https://www.instagram.com/p/CNoSB5ZDGfI/","7 and 8"
"1618405986-153","https://www.instagram.com/p/CNoSB5ZDGfI/","#9 ❤️"
"1618405986-113","https://www.instagram.com/p/CNoSB5ZDGfI/","5&6"
"1618405986-257","https://www.instagram.com/p/CNoSB5ZDGfI/","6 & 8"
"1618405986-84","https://www.instagram.com/p/CNoSB5ZDGfI/","1 & 8"
"1618405986-299","https://www.instagram.com/p/CNoSB5ZDGfI/","7 & 8"
"1618405986-335","https://www.instagram.com/p/CNoSB5ZDGfI/","5 and 6"
"1618405986-35","https://www.instagram.com/p/CNoSB5ZDGfI/","8"
"1618405986-222","https://www.instagram.com/p/CNoSB5ZDGfI/","5 & 8!"
"1618405986-160","https://www.instagram.com/p/CNoSB5ZDGfI/","6$7"
"1618405986-260","https://www.instagram.com/p/CNoSB5ZDGfI/","5🔥"
"1618405986-189","https://www.instagram.com/p/CNoSB5ZDGfI/","8 🔥"
"1618405986-349","https://www.instagram.com/p/CNoSB5ZDGfI/","7"
"1618405986-225","https://www.instagram.com/p/CNoSB5ZDGfI/","8"
"1618405986-313","https://www.instagram.com/p/CNoSB5ZDGfI/","8"
"1618405986-148","https://www.instagram.com/p/CNoSB5ZDGfI/","5&6"
"1618405986-182","https://www.instagram.com/p/CNoSB5ZDGfI/","5 and 7"
"1618405986-39","https://www.instagram.com/p/CNoSB5ZDGfI/","8"
"1618405986-115","https://www.instagram.com/p/CNoSB5ZDGfI/","5 and 9"
"1618405986-170","https://www.instagram.com/p/CNoSB5ZDGfI/","7!!"
"1618405986-336","https://www.instagram.com/p/CNoSB5ZDGfI/","9"
"1618405986-128","https://www.instagram.com/p/CNoSB5ZDGfI/","5 & 4"
"1618405986-308","https://www.instagram.com/p/CNoSB5ZDGfI/","8 & 1"
"1618405986-73","https://www.instagram.com/p/CNoSB5ZDGfI/","8 & 6"
"1618405986-95","https://www.instagram.com/p/CNoSB5ZDGfI/","5 and 8"
"1618405986-118","https://www.instagram.com/p/CNoSB5ZDGfI/","8"
"1618405986-187","https://www.instagram.com/p/CNoSB5ZDGfI/","5"
"1618405986-269","https://www.instagram.com/p/CNoSB5ZDGfI/","8"
"1618405986-162","https://www.instagram.com/p/CNoSB5ZDGfI/","1"
"1618405986-340","https://www.instagram.com/p/CNoSB5ZDGfI/","1+8"
"1618405986-45","https://www.instagram.com/p/CNoSB5ZDGfI/","8"
"1618405986-251","https://www.instagram.com/p/CNoSB5ZDGfI/","5, 8"
"1618405986-230","https://www.instagram.com/p/CNoSB5ZDGfI/","5 & 8"
"1618405986-125","https://www.instagram.com/p/CNoSB5ZDGfI/","7&8🔥"
"1618405986-332","https://www.instagram.com/p/CNoSB5ZDGfI/","6"
"1618405986-254","https://www.instagram.com/p/CNoSB5ZDGfI/","5 and 6"
"1618405986-134","https://www.instagram.com/p/CNoSB5ZDGfI/","6 & 8"
"1618405986-331","https://www.instagram.com/p/CNoSB5ZDGfI/","8"
"1618405986-48","https://www.instagram.com/p/CNoSB5ZDGfI/","1 & 6"
"1618405986-345","https://www.instagram.com/p/CNoSB5ZDGfI/","4 and 8"
"1618405986-245","https://www.instagram.com/p/CNoSB5ZDGfI/","5 & 6"
"1618405986-156","https://www.instagram.com/p/CNoSB5ZDGfI/","1 and 5"
"1618405986-334","https://www.instagram.com/p/CNoSB5ZDGfI/","8 !"
"1618405986-22","https://www.instagram.com/p/CNoSB5ZDGfI/","2 & 8"
"1618405986-212","https://www.instagram.com/p/CNoSB5ZDGfI/","5"
"1618405986-169","https://www.instagram.com/p/CNoSB5ZDGfI/","5 & 7"
"1618405986-285","https://www.instagram.com/p/CNoSB5ZDGfI/","6 and 8 :-)"
"1618405986-293","https://www.instagram.com/p/CNoSB5ZDGfI/","9"
"1618405986-71","https://www.instagram.com/p/CNoSB5ZDGfI/","4 & 5"
"1618405986-104","https://www.instagram.com/p/CNoSB5ZDGfI/","6&8"
"1618405986-102","https://www.instagram.com/p/CNoSB5ZDGfI/","6"
"1618405986-263","https://www.instagram.com/p/CNoSB5ZDGfI/","8"
"1618405986-179","https://www.instagram.com/p/CNoSB5ZDGfI/","6 & 7"
"1618405986-82","https://www.instagram.com/p/CNoSB5ZDGfI/","3 and 5"
"1618405986-133","https://www.instagram.com/p/CNoSB5ZDGfI/","8 & 9"
"1618405986-16","https://www.instagram.com/p/CNoSB5ZDGfI/","6&9"
"1618405986-137","https://www.instagram.com/p/CNoSB5ZDGfI/","5 & 7"
"1618405986-239","https://www.instagram.com/p/CNoSB5ZDGfI/","5 & 7!"
"1618405986-27","https://www.instagram.com/p/CNoSB5ZDGfI/","6!!!!!"
"1618405986-281","https://www.instagram.com/p/CNoSB5ZDGfI/","5 & 7"
"1618405986-216","https://www.instagram.com/p/CNoSB5ZDGfI/","7&8☺️"
"1618405986-18","https://www.instagram.com/p/CNoSB5ZDGfI/","9"
"1618405986-29","https://www.instagram.com/p/CNoSB5ZDGfI/","The last one!!!"
"1618405986-209","https://www.instagram.com/p/CNoSB5ZDGfI/","6 and 8!"
"1618405986-333","https://www.instagram.com/p/CNoSB5ZDGfI/","8"
"1618405986-347","https://www.instagram.com/p/CNoSB5ZDGfI/","5 and 6"
"1618405986-278","https://www.instagram.com/p/CNoSB5ZDGfI/","3 & 6"
"1618405986-26","https://www.instagram.com/p/CNoSB5ZDGfI/","6&8!"
"1618405986-90","https://www.instagram.com/p/CNoSB5ZDGfI/","1 & 8"
"1618405986-307","https://www.instagram.com/p/CNoSB5ZDGfI/","6"
"1618405986-316","https://www.instagram.com/p/CNoSB5ZDGfI/","8!"
"1618405986-146","https://www.instagram.com/p/CNoSB5ZDGfI/","1 & 8"
"1618405986-74","https://www.instagram.com/p/CNoSB5ZDGfI/","1 & 7"
"1618405986-98","https://www.instagram.com/p/CNoSB5ZDGfI/","5 and 4"
"1618405986-50","https://www.instagram.com/p/CNoSB5ZDGfI/","6 and 8"
"1618405986-274","https://www.instagram.com/p/CNoSB5ZDGfI/","2 & 8"
"1618405986-175","https://www.instagram.com/p/CNoSB5ZDGfI/","5 & 6"
"1618405986-248","https://www.instagram.com/p/CNoSB5ZDGfI/","5, 6, 7, and 8. These 4 beat entire other groups."
"1618405986-271","https://www.instagram.com/p/CNoSB5ZDGfI/","5 and 7"
"1618405986-283","https://www.instagram.com/p/CNoSB5ZDGfI/","8, 2"
"1618405986-161","https://www.instagram.com/p/CNoSB5ZDGfI/","7 & 8 🔮"
"1618405986-228","https://www.instagram.com/p/CNoSB5ZDGfI/","5 & 7! 👏👏"
"1618405986-210","https://www.instagram.com/p/CNoSB5ZDGfI/","5"
"1618405986-52","https://www.instagram.com/p/CNoSB5ZDGfI/","5 and 8 👏👏👏👏"
"1618405986-277","https://www.instagram.com/p/CNoSB5ZDGfI/","8,9"
"1618405986-196","https://www.instagram.com/p/CNoSB5ZDGfI/","Just 8 on this one"
"1618405986-173","https://www.instagram.com/p/CNoSB5ZDGfI/","6!!"
"1618405986-273","https://www.instagram.com/p/CNoSB5ZDGfI/","5&8"
"1618405986-42","https://www.instagram.com/p/CNoSB5ZDGfI/","8"
"1618405986-28","https://www.instagram.com/p/CNoSB5ZDGfI/","2 & 5"
"1618405986-276","https://www.instagram.com/p/CNoSB5ZDGfI/","5 and 7"
"1618405986-85","https://www.instagram.com/p/CNoSB5ZDGfI/","5 & 7"
"1618405986-303","https://www.instagram.com/p/CNoSB5ZDGfI/","6/7"
"1618405986-99","https://www.instagram.com/p/CNoSB5ZDGfI/","7//8"
"1618405986-166","https://www.instagram.com/p/CNoSB5ZDGfI/","6, 8"
"1618405986-318","https://www.instagram.com/p/CNoSB5ZDGfI/","7 and 9"
"1618405986-54","https://www.instagram.com/p/CNoSB5ZDGfI/","6 & 8"
"1618405986-329","https://www.instagram.com/p/CNoSB5ZDGfI/","5"
"1618405986-238","https://www.instagram.com/p/CNoSB5ZDGfI/","5 + 6"
"1618405986-194","https://www.instagram.com/p/CNoSB5ZDGfI/","6, 8"
"1618405986-145","https://www.instagram.com/p/CNoSB5ZDGfI/","6 of course"
"1618405986-56","https://www.instagram.com/p/CNoSB5ZDGfI/","5 and 8"
"1618405986-21","https://www.instagram.com/p/CNoSB5ZDGfI/","2 & 8"
"1618405986-70","https://www.instagram.com/p/CNoSB5ZDGfI/","8!"
"1618405986-270","https://www.instagram.com/p/CNoSB5ZDGfI/","5 and 8"
"1618405986-341","https://www.instagram.com/p/CNoSB5ZDGfI/","No 5"
"1618405986-246","https://www.instagram.com/p/CNoSB5ZDGfI/","5 &7!"
"1618405986-304","https://www.instagram.com/p/CNoSB5ZDGfI/","5 and 6"
"1618405986-218","https://www.instagram.com/p/CNoSB5ZDGfI/","8"
"1618405986-40","https://www.instagram.com/p/CNoSB5ZDGfI/","8"
"1618405986-201","https://www.instagram.com/p/CNoSB5ZDGfI/","5 & 6"
"1618405986-15","https://www.instagram.com/p/CNoSB5ZDGfI/","9"
"1618405986-152","https://www.instagram.com/p/CNoSB5ZDGfI/","6 & 7"
"1618405986-214","https://www.instagram.com/p/CNoSB5ZDGfI/","5 & 7"
"1618405986-211","https://www.instagram.com/p/CNoSB5ZDGfI/","2"
"1618405986-60","https://www.instagram.com/p/CNoSB5ZDGfI/","6 and 7"
"1618405986-120","https://www.instagram.com/p/CNoSB5ZDGfI/","5 and 6 🙌"
"1618405986-112","https://www.instagram.com/p/CNoSB5ZDGfI/","6"
"1618405986-114","https://www.instagram.com/p/CNoSB5ZDGfI/","5 & 6"
"1618405986-301","https://www.instagram.com/p/CNoSB5ZDGfI/","7 and 8!"
"1618405986-259","https://www.instagram.com/p/CNoSB5ZDGfI/","4&5"
"1618405986-284","https://www.instagram.com/p/CNoSB5ZDGfI/","8"
"1618405986-231","https://www.instagram.com/p/CNoSB5ZDGfI/","5 and 6"
"1618405986-296","https://www.instagram.com/p/CNoSB5ZDGfI/","6 & 8"
"1618405986-132","https://www.instagram.com/p/CNoSB5ZDGfI/","1,8"
"1618405986-93","https://www.instagram.com/p/CNoSB5ZDGfI/","5 and 4"
"1618405986-108","https://www.instagram.com/p/CNoSB5ZDGfI/","8"
"1618405986-219","https://www.instagram.com/p/CNoSB5ZDGfI/","8"
"1618405986-143","https://www.instagram.com/p/CNoSB5ZDGfI/","5 and 6"
"1618405986-198","https://www.instagram.com/p/CNoSB5ZDGfI/","7 and 8"
"1618405986-185","https://www.instagram.com/p/CNoSB5ZDGfI/","5 and 7"
"1618405986-110","https://www.instagram.com/p/CNoSB5ZDGfI/","7,8"
"1618405986-46","https://www.instagram.com/p/CNoSB5ZDGfI/","5 & 8"
"1618405986-97","https://www.instagram.com/p/CNoSB5ZDGfI/","7 and 8"
"1618405986-291","https://www.instagram.com/p/CNoSB5ZDGfI/","8"
"1618405986-94","https://www.instagram.com/p/CNoSB5ZDGfI/","6!!!!!!"
"1618405986-129","https://www.instagram.com/p/CNoSB5ZDGfI/","6&7"
"1618405986-279","https://www.instagram.com/p/CNoSB5ZDGfI/","2 & 7"
"1618405986-130","https://www.instagram.com/p/CNoSB5ZDGfI/","8"
"1618405986-314","https://www.instagram.com/p/CNoSB5ZDGfI/","8"
"1618405986-106","https://www.instagram.com/p/CNoSB5ZDGfI/","1"
"1618405986-183","https://www.instagram.com/p/CNoSB5ZDGfI/","6 and 8"
"1618405986-191","https://www.instagram.com/p/CNoSB5ZDGfI/","2, 6"
"1618405986-142","https://www.instagram.com/p/CNoSB5ZDGfI/","8"
"1618405986-136","https://www.instagram.com/p/CNoSB5ZDGfI/","5 & 7"
"1618405986-77","https://www.instagram.com/p/CNoSB5ZDGfI/","5 and 8!"
"1618405986-135","https://www.instagram.com/p/CNoSB5ZDGfI/","1 & 7"
"1618405986-167","https://www.instagram.com/p/CNoSB5ZDGfI/","8 & 9"
"1618405986-337","https://www.instagram.com/p/CNoSB5ZDGfI/","3 and 5"
"1618405986-294","https://www.instagram.com/p/CNoSB5ZDGfI/","5 and 6"
"1618405986-324","https://www.instagram.com/p/CNoSB5ZDGfI/","6 & 8"
"1618405986-325","https://www.instagram.com/p/CNoSB5ZDGfI/","5 & 8"
"1618405986-62","https://www.instagram.com/p/CNoSB5ZDGfI/","6 & 8"
"1618405986-83","https://www.instagram.com/p/CNoSB5ZDGfI/","5 & 1"
"1618405986-96","https://www.instagram.com/p/CNoSB5ZDGfI/","OMG !!! 8!!!!"
"1618405986-226","https://www.instagram.com/p/CNoSB5ZDGfI/","5&6"
"1618405986-224","https://www.instagram.com/p/CNoSB5ZDGfI/","7 & 8"
"1618405986-24","https://www.instagram.com/p/CNoSB5ZDGfI/","6"
"1618405986-101","https://www.instagram.com/p/CNoSB5ZDGfI/","5"
"1618405986-265","https://www.instagram.com/p/CNoSB5ZDGfI/","5 and 6"
"1618405986-199","https://www.instagram.com/p/CNoSB5ZDGfI/","@safewalksnyc Any chance you are still accepting submissions? Would love to put something together"
"1618405986-286","https://www.instagram.com/p/CNoSB5ZDGfI/","5 and 8"
"1618405986-138","https://www.instagram.com/p/CNoSB5ZDGfI/","6 & 8"
"1618405986-249","https://www.instagram.com/p/CNoSB5ZDGfI/","5&6"
"1618405986-256","https://www.instagram.com/p/CNoSB5ZDGfI/","6 and 7 👏👏👏👏👏"
"1618405986-255","https://www.instagram.com/p/CNoSB5ZDGfI/","7"
"1618405986-338","https://www.instagram.com/p/CNoSB5ZDGfI/","6&8"
"1618405986-227","https://www.instagram.com/p/CNoSB5ZDGfI/","2 and 8!"
"1618405986-91","https://www.instagram.com/p/CNoSB5ZDGfI/","5 and 8"
"1618405986-272","https://www.instagram.com/p/CNoSB5ZDGfI/","6 and 7"
"1618405986-267","https://www.instagram.com/p/CNoSB5ZDGfI/","8"
"1618405986-208","https://www.instagram.com/p/CNoSB5ZDGfI/","5 & 6"
"1618405986-234","https://www.instagram.com/p/CNoSB5ZDGfI/","5&6"
"1618405986-305","https://www.instagram.com/p/CNoSB5ZDGfI/","1 & 6"
"1618405986-121","https://www.instagram.com/p/CNoSB5ZDGfI/","4 & 6"
"1618405986-282","https://www.instagram.com/p/CNoSB5ZDGfI/","6"
